Landslide_,Camp_name,Latitude,Longitude,Elevation,Date_of_mo,General_sl,Slided_slo,Width (m),Length_pre,Length_aft,Depth (m),Material,Movement_t,State,Distributi,Style,field_18,field_19,field_20,field_21,field_22,field_23,field_24,field_25,field_26,field_27,field_28,field_29,field_30,field_31,accumulati,accumula_1,accumula_2,slope_clas,flow_direc,10yr_runof,20yr_runof,50yr_runof,fill_sinks,basins1
"1","20",21.195371000000002,92.137818999999993,13.000000000000000,"2020","40","60",19.000000000000000,24.000000000000000,19.000000000000000,13.000000000000000,Soil or Earth,Slide,Active,"Advancing, Enlarging",Successive,,,,,,,,,,,,,,,6.337115721609570,6.419381066769810,6.523277689474792,2.000000000000000,0.000000000000000,1322.194580078125000,1597.940917968750000,2029.819091796875000,22.000000000000000,161.000000000000000
"2","20",21.195408000000000,92.137880999999993,3.800000000000000,"2020","24","35",12.000000000000000,8.300000000000002,6.100000000000000,3.800000000000000,Soil or Earth,Slide,Active,"Advancing, Enlarging",Successive,,,,,,,,,,,,,,,6.337115721609570,7.623501017172444,7.727397639588536,2.000000000000000,0.000000000000000,1322.194580078125000,1597.940917968750000,2029.819091796875000,21.000000000000000,161.000000000000000
"3","20",21.195108999999999,92.138158000000004,3.500000000000000,"2020","22","30",10.000000000000000,10.000000000000000,8.000000000000000,3.500000000000000,Soil or Earth,Slide,Active,"Advancing, Enlarging",Successive,,,,,,,,,,,,,,,6.036085725945588,6.419381066769810,6.523277689474792,2.000000000000000,0.000000000000000,1322.194580078125000,1597.940917968750000,2029.819091796875000,25.000000000000000,161.000000000000000
"4","20",21.195077000000001,92.137940000000000,8.000000000000000,"2020","22","30",11.000000000000000,15.000000000000000,12.000000000000000,4.500000000000000,Soil or Earth,Slide,Active,"Advancing, Enlarging",Successive,,,,,,,,,,,,,,,6.036085725945588,6.118351071105828,6.222247693810810,1.000000000000000,0.000000000000000,1322.194580078125000,1597.940917968750000,2029.819091796875000,25.000000000000000,161.000000000000000
"5","20",21.191602000000000,92.137919999999994,6.000000000000000,"2019","30","40",18.000000000000000,16.000000000000000,13.000000000000000,6.000000000000000,Soil or Earth,Slide,Stabilized,Confined,Successive,,,,,,,,,,,,,,,6.513206959163058,6.595472304323296,6.699368937683080,1.000000000000000,3.000000000000000,1322.194580078125000,1597.940917968750000,2029.819091796875000,23.000000000000000,161.000000000000000
"6","20",21.191094000000000,92.139632000000006,5.000000000000000,"2020","28","35",18.000000000000000,17.000000000000000,14.000000000000000,5.000000000000000,Soil or Earth,Slide,Stabilized,Confined,Successive,,,,,,,,,,,,,,,6.036085725945588,6.118351071105828,6.222247693810810,1.000000000000000,0.000000000000000,1322.194580078125000,1597.940917968750000,2029.819091796875000,21.050035476684570,161.000000000000000
"7","20",21.187980000000000,92.137061000000003,1.000000000000000,"2020","28","60",19.500000000000000,5.600000000000000,2.000000000000000,1.000000000000000,Soil or Earth,Slide,Active,"Advancing, Enlarging",Successive,,,,,,,,,,,,,,,6.036085725945588,6.118351071105828,6.222247693810810,1.000000000000000,1.000000000000000,1322.194580078125000,1597.940917968750000,2029.819091796875000,26.000000000000000,161.000000000000000
"8","20",21.187687000000000,92.137114999999994,6.000000000000000,"2020","18","42",13.500000000000000,15.000000000000000,8.900000000000000,6.000000000000000,Soil or Earth,Slide,Active,Enlarging,Successive,,,,,,,,,,,,,,,6.036085725945588,6.118351071105828,6.222247693810810,1.000000000000000,1.000000000000000,1322.194580078125000,1597.940917968750000,2029.819091796875000,27.000000000000000,161.000000000000000
"9","20",21.186969000000001,92.137313000000006,8.000000000000000,"2020","36","62",7.700000000000000,12.000000000000000,10.500000000000000,8.000000000000000,Soil or Earth,Slide,Active,Enlarging,Successive,,,,,,,,,,,,,,,6.036085725945588,6.118351071105828,6.222247693810810,1.000000000000000,6.000000000000000,1322.194580078125000,1597.940917968750000,2029.819091796875000,23.000000000000000,161.000000000000000
"10","20",21.187228999999999,92.136546999999993,8.000000000000000,"2020","24","44",30.000000000000000,18.000000000000000,15.000000000000000,8.000000000000000,Soil or Earth,Slide,Active,"Advancing, Enlarging",Successive,,,,,,,,,,,,,,,6.337115721609570,6.419381066769810,6.523277689474792,1.000000000000000,3.000000000000000,1322.194580078125000,1597.940917968750000,2029.819091796875000,24.000000000000000,161.000000000000000
"11","20",21.191465999999998,92.141623999999993,2.000000000000000,"2020","24","50",18.699999999999999,7.000000000000000,3.000000000000000,2.000000000000000,Soil or Earth,Slide,Active,"Advancing, Enlarging",Successive,,,,,,,,,,,,,,,6.036085725945588,6.118351071105828,6.222247693810810,1.000000000000000,0.000000000000000,1322.194580078125000,1597.940917968750000,2029.819091796875000,21.000000000000000,161.000000000000000
"12","20",21.191314999999999,92.139877999999996,6.000000000000000,"2020","30","45",14.000000000000000,11.000000000000000,9.000000000000000,6.000000000000000,Soil or Earth,Slide,Dormant,"Advancing, Enlarging",Successive,,,,,,,,,,,,,,,6.337115721609570,6.118351071105828,6.222247693810810,1.000000000000000,2.000000000000000,1322.194580078125000,1597.940917968750000,2029.819091796875000,21.000000000000000,161.000000000000000
"13","4",21.205852000000000,92.141338000000005,4.500000000000000,"2020","26","40",16.300000000000001,8.699999999999999,7.500000000000000,4.500000000000000,Soil or Earth,Slide,Active,"Advancing, Enlarging",Successive,,,,,,,,,,,,,,,6.337115721609570,6.419381066769810,6.523277689474792,1.000000000000000,0.000000000000000,1322.194580078125000,1597.940917968750000,2029.819091796875000,24.000000000000000,767.000000000000000
"14","4",21.204411000000000,92.140677999999994,4.500000000000000,"2020","45","65",7.700000000000000,6.800000000000000,5.700000000000000,4.500000000000000,Soil or Earth,Slide,Active,"Advancing, Enlarging",Successive,,,,,,,,,,,,,,,6.036085725945588,6.118351071105828,6.222247693810810,1.000000000000000,6.000000000000000,1322.194580078125000,1597.940917968750000,2029.819091796875000,26.000000000000000,767.000000000000000
"15","4",21.204197000000001,92.141095000000007,5.000000000000000,"2020","22","50",7.000000000000000,12.500000000000000,9.100000000000000,5.000000000000000,Soil or Earth,Slide,Active,"Advancing, Enlarging",Successive,,,,,,,,,,,,,,,6.036085725945588,6.118351071105828,6.222247693810810,1.000000000000000,3.000000000000000,1322.194580078125000,1597.940917968750000,2029.819091796875000,27.000000000000000,767.000000000000000
"16","4",21.204149999999998,92.140843000000004,6.000000000000000,"2020","22","32",10.600000000000000,18.399999999999999,14.000000000000000,6.000000000000000,Soil or Earth,Slide,Dormant,Advancing,Successive,,,,,,,,,,,,,,,6.036085725945588,6.118351071105828,6.222247693810810,1.000000000000000,3.000000000000000,1322.194580078125000,1597.940917968750000,2029.819091796875000,27.000000000000000,767.000000000000000
"17","4",21.204701000000000,92.142285000000001,4.000000000000000,"2020","22","42",12.600000000000000,7.500000000000000,5.300000000000000,4.000000000000000,Soil or Earth,Slide,Dormant,"Advancing, Enlarging",Successive,,,,,,,,,,,,,,,6.036085725945588,6.118351071105828,6.222247693810810,1.000000000000000,1.000000000000000,1322.194580078125000,1597.940917968750000,2029.819091796875000,22.000000000000000,767.000000000000000
"18","4",21.207861000000001,92.141435999999999,4.000000000000000,"2020","25","43",25.000000000000000,8.000000000000000,6.000000000000000,4.000000000000000,Soil or Earth,Slide,Active,Enlarging,Successive,,,,,,,,,,,,,,,6.036085725945588,6.118351071105828,6.222247693810810,1.000000000000000,4.000000000000000,1322.194580078125000,1597.940917968750000,2029.819091796875000,24.000000000000000,767.000000000000000
"19",4 ext,21.208290999999999,92.134620999999996,8.000000000000000,"2020","22","32",22.500000000000000,22.000000000000000,12.699999999999999,8.000000000000000,Soil or Earth,Slide,Stabilized,Enlarging,Successive,,,,,,,,,,,,,,,6.036085725945588,6.118351071105828,6.222247693810810,1.000000000000000,3.000000000000000,1322.194580078125000,1597.940917968750000,2029.819091796875000,24.000000000000000,767.000000000000000
"20",4 ext,21.206939999999999,92.135062000000005,2.000000000000000,"2020","20","32",8.699999999999999,7.900000000000000,6.100000000000000,2.000000000000000,Soil or Earth,Earth Flow,Active,Advancing,Successive,,,,,,,,,,,,,,,6.036085725945588,6.118351071105828,6.222247693810810,1.000000000000000,2.000000000000000,1322.194580078125000,1597.940917968750000,2029.819091796875000,21.000000000000000,767.000000000000000
"21",4 ext,21.206937000000000,92.134958999999995,2.100000000000000,"2020","20","32",10.300000000000001,6.700000000000000,5.200000000000000,2.100000000000000,Soil or Earth,Earth Flow,Active,Advancing,Successive,,,,,,,,,,,,,,,6.036085725945588,6.118351071105828,6.222247693810810,1.000000000000000,1.000000000000000,1322.194580078125000,1597.940917968750000,2029.819091796875000,22.000000000000000,767.000000000000000
"22",4 ext,21.206823000000000,92.136154000000005,2.000000000000000,"2020","22","34",16.500000000000000,8.400000000000000,7.300000000000000,2.000000000000000,Soil or Earth,Earth Flow,Active,Advancing,Successive,,,,,,,,,,,,,,,6.638145685020260,6.118351071105828,6.222247693810810,2.000000000000000,6.000000000000000,1322.194580078125000,1597.940917968750000,2029.819091796875000,20.000000000000000,767.000000000000000
"23",4 ext,21.202570999999999,92.135722000000001,4.500000000000000,"2020","20","40",15.900000000000000,8.600000000000000,7.600000000000000,4.500000000000000,Soil or Earth,Slide,Active,Advancing,Successive,,,,,,,,,,,,,,,6.036085725945588,6.118351071105828,6.222247693810810,1.000000000000000,7.000000000000000,1322.194580078125000,1597.940917968750000,2029.819091796875000,24.000000000000000,767.000000000000000
"24",4 ext,21.204248000000000,92.135752999999994,3.500000000000000,"2020","20","35",7.000000000000000,7.000000000000000,5.000000000000000,3.500000000000000,Soil or Earth,Earth Flow,Stabilized,Confined,Successive,,,,,,,,,,,,,,,6.337115721609570,6.419381066769810,6.523277689474792,2.000000000000000,0.000000000000000,1322.194580078125000,1597.940917968750000,2029.819091796875000,19.600425720214844,767.000000000000000
"25",4 ext,21.203534999999999,92.136858000000004,7.000000000000000,"2019","35","70",12.000000000000000,15.000000000000000,10.000000000000000,7.000000000000000,Soil or Earth,Slide,Stabilized,Advancing,Successive,,,,,,,,,,,,,,,6.735055717380290,6.817321062540532,6.921217678621520,1.000000000000000,0.000000000000000,1322.194580078125000,1597.940917968750000,2029.819091796875000,19.783397674560547,767.000000000000000
"27","17",21.201640999999999,92.146061000000003,2.500000000000000,"2020","26","40",7.500000000000000,3.700000000000000,2.600000000000000,1.500000000000000,Soil or Earth,Slide,Active,"Advancing, Enlarging",Successive,,,,,,,,,,,,,,,6.036085725945588,6.118351071105828,6.222247693810810,2.000000000000000,7.000000000000000,1322.194580078125000,1597.940917968750000,2029.819091796875000,24.000000000000000,767.000000000000000
"28","17",21.200225000000000,92.144710000000003,6.500000000000000,"2020","24","36",12.600000000000000,16.000000000000000,14.600000000000000,6.500000000000000,Soil or Earth,Slide,Dormant,Advancing,Successive,,,,,,,,,,,,,,,6.513206959163058,6.595472304323296,6.699368937683080,1.000000000000000,0.000000000000000,1322.194580078125000,1597.940917968750000,2029.819091796875000,18.491769790649418,767.000000000000000
"29","17",21.198920999999999,92.143835999999993,7.000000000000000,"2020","20","40",25.000000000000000,15.000000000000000,12.000000000000000,7.000000000000000,Soil or Earth,Slide,Active,Advancing,Successive,,,,,,,,,,,,,,,6.638145717273552,6.720411062433790,6.824307685138774,2.000000000000000,2.000000000000000,1322.194580078125000,1597.940917968750000,2029.819091796875000,20.000000000000000,767.000000000000000
"30","17",21.197666000000002,92.142812000000006,2.200000000000000,"2020","40","60",9.800000000000001,4.000000000000000,2.800000000000000,2.200000000000000,Soil or Earth,Slide,Active,Advancing,Successive,,,,,,,,,,,,,,,6.881183775175070,6.963449120335310,7.067345747771714,2.000000000000000,4.000000000000000,1322.194580078125000,1597.940917968750000,2029.819091796875000,19.120796203613281,161.000000000000000
"31","17",21.197759000000001,92.138990000000007,6.500000000000000,"2020","30","50",7.600000000000000,15.500000000000000,13.300000000000001,6.500000000000000,Soil or Earth,Slide,Active,Advancing,Complex,,,,,,,,,,,,,,,7.899408563974750,7.981673909134990,8.085570520497519,1.000000000000000,4.000000000000000,1322.194580078125000,1597.940917968750000,2029.819091796875000,20.341663360595703,161.000000000000000
"32","17",21.197244999999999,92.139289000000005,5.800000000000000,"2020","30","50",19.500000000000000,9.500000000000000,7.200000000000000,5.800000000000000,Soil or Earth,Fall,Active,Advancing,Successive,,,,,,,,,,,,,,,6.036085725945588,6.118351071105828,6.222247693810810,1.000000000000000,6.000000000000000,1322.194580078125000,1597.940917968750000,2029.819091796875000,23.000000000000000,161.000000000000000
"33","17",21.197593999999999,92.138322000000002,6.400000000000000,"2020","40","62",12.100000000000000,10.900000000000000,9.600000000000000,6.400000000000000,Soil or Earth,Slide,Active,"Advancing, Enlarging, Widening",Successive,,,,,,,,,,,,,,,6.036085725945588,6.118351071105828,6.222247693810810,1.000000000000000,2.000000000000000,1322.194580078125000,1597.940917968750000,2029.819091796875000,26.000000000000000,161.000000000000000
"34","17",21.193315999999999,92.145555000000002,1.700000000000000,"2020","18","36",4.500000000000000,3.000000000000000,2.000000000000000,1.700000000000000,Soil or Earth,Earth Flow,Active,Advancing,Successive,,,,,,,,,,,,,,,6.513206959163058,6.595472304323296,6.699368937683080,2.000000000000000,4.000000000000000,1322.194580078125000,1597.940917968750000,2029.819091796875000,19.391698837280273,161.000000000000000
"35","17",21.192212999999999,92.145539999999997,3.800000000000000,"2020","18","38",13.000000000000000,8.199999999999999,6.000000000000000,3.800000000000000,Soil or Earth,Fall,Active,Advancing,Successive,,,,,,,,,,,,,,,6.036085725945588,6.118351071105828,6.222247693810810,1.000000000000000,2.000000000000000,1322.194580078125000,1597.940917968750000,2029.819091796875000,24.000000000000000,161.000000000000000
"36","18",21.191775000000000,92.149040999999997,5.500000000000000,"2020","20","30",8.600000000000000,9.000000000000000,7.500000000000000,5.500000000000000,Soil or Earth,Slide,Active,Advancing,Successive,,,,,,,,,,,,,,,6.339278468367474,6.421240584191110,6.524804420104004,1.000000000000000,4.000000000000000,1328.795410156250000,1604.797485351562500,2036.967407226562500,21.070760726928711,161.000000000000000
"37","18",21.191907000000000,92.149135999999999,5.000000000000000,"2020","20","38",7.000000000000000,10.000000000000000,7.500000000000000,5.000000000000000,Soil or Earth,Fall,Active,Advancing,Successive,,,,,,,,,,,,,,,6.515369705920962,6.597331821744598,6.700895646731704,1.000000000000000,0.000000000000000,1328.795410156250000,1604.797485351562500,2036.967407226562500,21.070760726928711,161.000000000000000
"38","18",21.191815999999999,92.149505000000005,4.100000000000000,"2020","20","42",4.300000000000000,8.400000000000000,5.800000000000000,4.100000000000000,Soil or Earth,Slide,Active,Advancing,Successive,,,,,,,,,,,,,,,6.339278468367474,6.120210588527130,6.223774424440022,2.000000000000000,5.000000000000000,1328.795410156250000,1604.797485351562500,2036.967407226562500,24.000000000000000,161.000000000000000
"39","18",21.187977000000000,92.147785999999996,2.300000000000000,"2020","24","32",20.300000000000001,8.000000000000000,5.100000000000000,2.300000000000000,Soil or Earth,Slide,Active,"Advancing, Enlarging",Successive,,,,,,,,,,,,,,,6.640308431778164,6.421240584191110,6.524804420104004,1.000000000000000,6.000000000000000,1328.795410156250000,1604.797485351562500,2036.967407226562500,16.000000000000000,161.000000000000000
"40","18",21.192159000000000,92.149586999999997,1.000000000000000,"2020","18","40",4.500000000000000,5.000000000000000,2.000000000000000,1.000000000000000,Soil or Earth,Slide,Active,Advancing,Successive,,,,,,,,,,,,,,,6.038248472703492,6.120210588527130,6.223774424440022,1.000000000000000,6.000000000000000,1328.795410156250000,1604.797485351562500,2036.967407226562500,26.000000000000000,161.000000000000000
"41","18",21.189326000000001,92.147042999999996,2.300000000000000,"2020","22","46",13.699999999999999,5.500000000000000,4.500000000000000,2.300000000000000,Soil or Earth,Fall,Active,"Advancing, Enlarging, Widening",Successive,,,,,,,,,,,,,,,6.038248472703492,6.120210588527130,6.223774424440022,1.000000000000000,7.000000000000000,1328.795410156250000,1604.797485351562500,2036.967407226562500,20.000000000000000,161.000000000000000
"42","18",21.189095999999999,92.146231000000000,6.500000000000000,"2020","28","44",6.700000000000000,15.000000000000000,12.500000000000000,6.500000000000000,Soil or Earth,Complex,Active,"Advancing, Enlarging",Successive,,,,,,,,,,,,,,,6.036085725945588,6.118351071105828,6.222247693810810,1.000000000000000,7.000000000000000,1322.194580078125000,1597.940917968750000,2029.819091796875000,20.000000000000000,161.000000000000000
"43","18",21.188943999999999,92.147268999999994,2.300000000000000,"2020","24","35",20.000000000000000,7.500000000000000,5.500000000000000,2.300000000000000,Soil or Earth,Slide,Active,"Advancing, Enlarging",Successive,,,,,,,,,,,,,,,6.038248472703492,6.120210588527130,6.223774424440022,1.000000000000000,2.000000000000000,1328.795410156250000,1604.797485351562500,2036.967407226562500,20.070760726928711,161.000000000000000
"44","18",21.185431000000001,92.149368999999993,8.000000000000000,"2020","30","70",25.000000000000000,16.000000000000000,10.000000000000000,8.000000000000000,Soil or Earth,Complex,Active,Advancing,Successive,,,,,,,,,,,,,,,6.640308431778164,6.722270547601800,6.825834383340004,2.000000000000000,5.000000000000000,1328.795410156250000,1604.797485351562500,2036.967407226562500,15.290843963623047,161.000000000000000
"45","18",21.185112000000000,92.148899000000000,15.000000000000000,"2020","38","50",35.000000000000000,24.399999999999999,30.000000000000000,15.000000000000000,Soil or Earth,Complex,Reactivated,Advancing,Successive,,,,,,,,,,,,,,,7.079641140269014,7.161603256092650,7.265167100754252,2.000000000000000,5.000000000000000,1328.795410156250000,1604.797485351562500,2036.967407226562500,15.149324417114258,161.000000000000000
"46","18",21.187024999999998,92.151167999999998,22.000000000000000,"2020","46","54",80.000000000000000,30.600000000000001,40.000000000000000,22.000000000000000,Soil or Earth,Complex,Reactivated,Advancing,Successive,,,,,,,,,,,,,,,6.339278468367474,6.597331821744598,6.700895646731704,2.000000000000000,4.000000000000000,1328.795410156250000,1604.797485351562500,2036.967407226562500,17.000000000000000,371.000000000000000
"47","18",21.186603000000002,92.150665000000004,12.000000000000000,"2020","30","45",35.000000000000000,26.000000000000000,15.000000000000000,13.000000000000000,Soil or Earth,Slide,Reactivated,Advancing,Successive,,,,,,,,,,,,,,,6.339278468367474,6.421240584191110,6.524804420104004,2.000000000000000,3.000000000000000,1328.795410156250000,1604.797485351562500,2036.967407226562500,15.262313842773438,371.000000000000000
"48","18",21.188497000000002,92.148852000000005,8.000000000000000,"2020","38","60",18.000000000000000,13.000000000000000,12.000000000000000,8.000000000000000,Soil or Earth,Slide,Active,Advancing,Successive,,,,,,,,,,,,,,,6.339278468367474,6.120210588527130,6.223774424440022,1.000000000000000,6.000000000000000,1328.795410156250000,1604.797485351562500,2036.967407226562500,16.241592407226562,161.000000000000000
"49","18",21.189551000000002,92.150555999999995,2.000000000000000,"2020","30","45",12.000000000000000,4.000000000000000,3.000000000000000,2.000000000000000,Soil or Earth,Slide,Reactivated,Advancing,Complex,,,,,,,,,,,,,,,6.640308464031454,6.722270579855092,6.825834415767984,1.000000000000000,6.000000000000000,1328.795410156250000,1604.797485351562500,2036.967407226562500,17.262317657470703,161.000000000000000
"50","12",21.181916000000001,92.150142000000002,3.500000000000000,"2020","22","40",5.000000000000000,10.000000000000000,7.000000000000000,3.500000000000000,Soil or Earth,Fall,Active,"Advancing, Enlarging, Widening",Successive,,,,,,,,,,,,,,,6.038248472703492,6.120210588527130,6.223774424440022,1.000000000000000,3.000000000000000,1328.795410156250000,1604.797485351562500,2036.967407226562500,22.000000000000000,161.000000000000000
"51","12",21.182393999999999,92.149359000000004,4.600000000000000,"2020","21","42",9.900000000000000,11.300000000000001,9.400000000000000,4.600000000000000,Soil or Earth,Slide,Active,Advancing,Successive,,,,,,,,,,,,,,,6.339278468367474,6.421240584191110,6.524804420104004,1.000000000000000,7.000000000000000,1328.795410156250000,1604.797485351562500,2036.967407226562500,17.000000000000000,161.000000000000000
"52","12",21.182189999999999,92.148931000000005,21.000000000000000,"2019","32","60",17.000000000000000,38.000000000000000,30.000000000000000,21.000000000000000,Soil or Earth,Complex,Active,Advancing,Successive,,,,,,,,,,,,,,,6.038248472703492,6.120210588527130,6.223774424440022,1.000000000000000,0.000000000000000,1328.795410156250000,1604.797485351562500,2036.967407226562500,18.000000000000000,161.000000000000000
"53","12",21.182501999999999,92.150201999999993,5.000000000000000,"2020","24","44",8.000000000000000,12.000000000000000,10.000000000000000,5.000000000000000,Soil or Earth,Fall,Active,Advancing,Successive,,,,,,,,,,,,,,,6.038248472703492,6.120210588527130,6.223774424440022,2.000000000000000,7.000000000000000,1328.795410156250000,1604.797485351562500,2036.967407226562500,21.000000000000000,161.000000000000000
"54","12",21.182520000000000,92.151833999999994,6.000000000000000,"2020","70","40",10.000000000000000,20.000000000000000,15.000000000000000,6.000000000000000,Soil or Earth,Fall,Active,Advancing,Successive,,,,,,,,,,,,,,,6.339278468367474,6.421240584191110,6.524804420104004,1.000000000000000,0.000000000000000,1328.795410156250000,1604.797485351562500,2036.967407226562500,22.000000000000000,371.000000000000000
"55","12",21.182393999999999,92.152176999999995,2.300000000000000,"2020","19","45",9.000000000000000,7.000000000000000,5.000000000000000,2.300000000000000,Soil or Earth,Fall,Active,Advancing,Successive,,,,,,,,,,,,,,,6.038248472703492,6.120210588527130,6.223774424440022,1.000000000000000,2.000000000000000,1328.795410156250000,1604.797485351562500,2036.967407226562500,22.000000000000000,161.000000000000000
"56","12",21.184377000000001,92.148323000000005,30.000000000000000,"2020","36","55",120.000000000000000,51.000000000000000,105.000000000000000,30.000000000000000,Soil or Earth,Complex,Active,Advancing,Successive,,,,,,,,,,,,,,,7.152191800200106,7.234153916023742,7.337717764274560,1.000000000000000,5.000000000000000,1328.795410156250000,1604.797485351562500,2036.967407226562500,15.007804870605469,161.000000000000000
"57","12",21.184488999999999,92.149924999999996,15.000000000000000,"2018","40","70",25.000000000000000,23.300000000000001,30.000000000000000,15.000000000000000,Soil or Earth,Complex,Active,Advancing,Successive,,,,,,,,,,,,,,,6.339278468367474,6.421240584191110,6.524804420104004,1.000000000000000,6.000000000000000,1328.795410156250000,1604.797485351562500,2036.967407226562500,15.308012008666992,161.000000000000000
"58","12",21.184135999999999,92.150783000000004,12.000000000000000,"2019","42","55",22.000000000000000,17.899999999999999,18.000000000000000,12.000000000000000,Soil or Earth,Complex,Active,Advancing,Successive,,,,,,,,,,,,,,,6.515369705920962,6.597331821744598,6.700895646731704,2.000000000000000,0.000000000000000,1328.795410156250000,1604.797485351562500,2036.967407226562500,15.412417411804199,371.000000000000000
"59","19",21.181609000000002,92.147132999999997,3.900000000000000,"2017","15","55",11.300000000000001,12.000000000000000,7.000000000000000,3.900000000000000,Soil or Earth,Slide,Active,"Advancing, Enlarging",Successive,,,,,,,,,,,,,,,6.038248472703492,6.120210588527130,6.223774424440022,1.000000000000000,3.000000000000000,1328.795410156250000,1604.797485351562500,2036.967407226562500,21.000000000000000,161.000000000000000
"60","19",21.182072999999999,92.147171999999998,8.800000000000002,"2020","16","70",12.000000000000000,12.300000000000001,10.500000000000000,8.800000000000002,Soil or Earth,Slide,Active,Advancing,Successive,,,,,,,,,,,,,,,6.038248472703492,6.120210588527130,6.223774424440022,1.000000000000000,0.000000000000000,1328.795410156250000,1604.797485351562500,2036.967407226562500,20.000000000000000,161.000000000000000
"61","19",21.186267000000001,92.142887999999999,10.000000000000000,"2020","26","52",21.500000000000000,22.000000000000000,16.000000000000000,10.000000000000000,Soil or Earth,Complex,Active,"Advancing, Widening",Successive,,,,,,,,,,,,,,,6.735055717380290,6.817321062540532,6.921217678621520,1.000000000000000,2.000000000000000,1322.194580078125000,1597.940917968750000,2029.819091796875000,16.000000000000000,161.000000000000000
"62","19",21.185877000000001,92.143147999999997,5.600000000000000,"2020","20","44",7.300000000000000,12.500000000000000,11.400000000000000,5.600000000000000,Soil or Earth,Fall,Active,Advancing,Successive,,,,,,,,,,,,,,,6.337115721609570,6.419381066769810,6.523277689474792,1.000000000000000,2.000000000000000,1322.194580078125000,1597.940917968750000,2029.819091796875000,16.000000000000000,161.000000000000000
"63","19",21.185587999999999,92.143182999999993,2.300000000000000,"2020","17","37",11.000000000000000,8.000000000000000,6.000000000000000,2.300000000000000,Soil or Earth,Fall,Stabilized,Advancing,Successive,,,,,,,,,,,,,,,6.337115721609570,6.419381066769810,6.523277689474792,2.000000000000000,2.000000000000000,1322.194580078125000,1597.940917968750000,2029.819091796875000,17.000000000000000,161.000000000000000
"64","19",21.185435999999999,92.140939000000003,50.000000000000000,"2020","30","50",120.000000000000000,100.000000000000000,100.000000000000000,50.000000000000000,Soil or Earth,Complex,Active,Advancing,Successive,,,,,,,,,,,,,,,6.939175712937532,7.021441058097772,7.125337680802754,1.000000000000000,2.000000000000000,1322.194580078125000,1597.940917968750000,2029.819091796875000,18.000000000000000,161.000000000000000
"65","19",21.181605999999999,92.144052000000002,8.000000000000000,"2020","38","50",20.000000000000000,13.000000000000000,13.000000000000000,8.000000000000000,Soil or Earth,Slide,Reactivated,Advancing,Successive,,,,,,,,,,,,,,,6.038248472703492,6.120210588527130,6.223774424440022,1.000000000000000,7.000000000000000,1328.795410156250000,1604.797485351562500,2036.967407226562500,17.000000000000000,161.000000000000000
"66","13",21.180329000000000,92.140986999999996,2.200000000000000,"2020","18","40",7.000000000000000,7.000000000000000,5.000000000000000,2.200000000000000,Soil or Earth,Earth Flow,Active,Advancing,Successive,,,,,,,,,,,,,,,6.036085725945588,6.118351071105828,6.222247693810810,1.000000000000000,1.000000000000000,1322.194580078125000,1597.940917968750000,2029.819091796875000,21.000000000000000,161.000000000000000
"67","13",21.180251999999999,92.139043999999998,5.000000000000000,"2020","25","60",7.000000000000000,8.000000000000000,7.000000000000000,5.000000000000000,Soil or Earth,Complex,Active,"Advancing, Enlarging, Widening",Successive,,,,,,,,,,,,,,,6.036085725945588,6.118351071105828,6.222247693810810,1.000000000000000,1.000000000000000,1322.194580078125000,1597.940917968750000,2029.819091796875000,27.000000000000000,161.000000000000000
"68","13",21.180582000000001,92.139328000000006,6.000000000000000,"2020","18","38",42.000000000000000,18.000000000000000,15.000000000000000,6.000000000000000,Soil or Earth,Earth Flow,Active,Advancing,Successive,,,,,,,,,,,,,,,6.337115721609570,6.419381066769810,6.523277689474792,1.000000000000000,1.000000000000000,1322.194580078125000,1597.940917968750000,2029.819091796875000,24.000000000000000,161.000000000000000
"69","13",21.181056999999999,92.139111999999997,4.500000000000000,"2020","20","42",9.300000000000001,4.500000000000000,9.100000000000000,12.500000000000000,Soil or Earth,Slide,Active,"Advancing, Enlarging, Widening",Successive,,,,,,,,,,,,,,,6.337115721609570,6.419381066769810,6.523277689474792,2.000000000000000,1.000000000000000,1322.194580078125000,1597.940917968750000,2029.819091796875000,22.000000000000000,161.000000000000000
"70","13",21.179898999999999,92.139481000000004,7.500000000000000,"2020","18","45",9.900000000000000,16.399999999999999,15.500000000000000,7.500000000000000,Soil or Earth,Slide,Active,Advancing,Successive,,,,,,,,,,,,,,,6.036085725945588,6.118351071105828,6.222247693810810,2.000000000000000,1.000000000000000,1322.194580078125000,1597.940917968750000,2029.819091796875000,27.000000000000000,161.000000000000000
"71","13",21.179551000000000,92.141002000000000,3.900000000000000,"2020","25","41",20.000000000000000,9.500000000000000,8.400000000000000,3.900000000000000,Soil or Earth,Fall,Active,Advancing,Successive,,,,,,,,,,,,,,,7.291358195211904,7.373623540372144,7.477520159140340,1.000000000000000,4.000000000000000,1322.194580078125000,1597.940917968750000,2029.819091796875000,19.000000000000000,161.000000000000000
"72","13",21.179959000000000,92.139346000000003,12.000000000000000,"2020","48","60",15.000000000000000,16.100000000000001,22.000000000000000,12.000000000000000,Soil or Earth,Slide,Reactivated,Advancing,Successive,,,,,,,,,,,,,,,6.036085725945588,6.118351071105828,6.222247693810810,2.000000000000000,1.000000000000000,1322.194580078125000,1597.940917968750000,2029.819091796875000,26.000000000000000,161.000000000000000
"73","13",21.180073000000000,92.137928000000002,18.000000000000000,"2020","70","45",30.000000000000000,19.199999999999999,27.000000000000000,18.000000000000000,Soil or Earth,Slide,Active,Advancing,Successive,,,,,,,,,,,,,,,6.036085725945588,6.118351071105828,6.222247693810810,2.000000000000000,4.000000000000000,1322.194580078125000,1597.940917968750000,2029.819091796875000,26.000000000000000,161.000000000000000
"74","13",21.179805999999999,92.139078999999995,15.000000000000000,"2018","70","15",45.000000000000000,16.000000000000000,20.000000000000000,15.000000000000000,Soil or Earth,Slide,Active,Advancing,Successive,,,,,,,,,,,,,,,6.036085725945588,6.118351071105828,6.222247693810810,1.000000000000000,1.000000000000000,1322.194580078125000,1597.940917968750000,2029.819091796875000,29.000000000000000,161.000000000000000
"75","13",21.179759000000001,92.138198000000003,15.000000000000000,"2020","55","40",32.000000000000000,18.300000000000001,20.000000000000000,15.000000000000000,Soil or Earth,Slide,Active,Advancing,Successive,,,,,,,,,,,,,,,6.036085725945588,7.118351058204512,7.222247674285502,2.000000000000000,4.000000000000000,1322.194580078125000,1597.940917968750000,2029.819091796875000,22.000000000000000,161.000000000000000
"76","9",21.192636000000000,92.156608000000006,5.800000000000000,"2020","22","44",17.000000000000000,13.500000000000000,12.000000000000000,5.800000000000000,Soil or Earth,Slide,Active,"Advancing, Enlarging, Widening",Successive,,,,,,,,,,,,,,,6.339278468367474,6.421240584191110,6.524804420104004,1.000000000000000,5.000000000000000,1328.795410156250000,1604.797485351562500,2036.967407226562500,22.000000000000000,371.000000000000000
"77","9",21.192499999999999,92.157061999999996,7.000000000000000,"2020","32","50",16.000000000000000,14.800000000000001,13.000000000000000,7.000000000000000,Soil or Earth,Slide,Active,Advancing,Successive,,,,,,,,,,,,,,,6.352822227381140,6.432877268756444,6.534350721422870,1.000000000000000,2.000000000000000,1370.887695312500000,1648.378417968750000,2082.238037109375000,21.120796203613281,371.000000000000000
"78","9",21.192122000000001,92.157098000000005,6.200000000000000,"2020","28","50",13.000000000000000,12.500000000000000,10.000000000000000,6.200000000000000,Soil or Earth,Slide,Active,"Advancing, Enlarging, Widening",Successive,,,,,,,,,,,,,,,6.352822227381140,6.432877268756444,6.534350721422870,1.000000000000000,2.000000000000000,1370.887695312500000,1648.378417968750000,2082.238037109375000,21.120796203613281,371.000000000000000
"79","9",21.192623999999999,92.157707000000002,8.000000000000000,"2020","28","60",25.000000000000000,14.500000000000000,12.000000000000000,8.000000000000000,Soil or Earth,Slide,Active,"Advancing, Enlarging, Widening",Successive,,,,,,,,,,,,,,,6.051792231717158,6.131847273092464,6.233320725758888,1.000000000000000,3.000000000000000,1370.887695312500000,1648.378417968750000,2082.238037109375000,22.000000000000000,371.000000000000000
"80","9",21.192862999999999,92.156355000000005,15.000000000000000,"2018","45","40",150.000000000000000,21.199999999999999,40.000000000000000,15.000000000000000,Soil or Earth,Slide,Active,Advancing,Successive,,,,,,,,,,,,,,,6.038248472703492,6.120210588527130,6.223774424440022,1.000000000000000,3.000000000000000,1328.795410156250000,1604.797485351562500,2036.967407226562500,24.000000000000000,371.000000000000000
"81","10",21.188969000000000,92.153565000000000,10.000000000000000,"2020","21","40",30.000000000000000,32.000000000000000,25.000000000000000,10.000000000000000,Soil or Earth,Slide,Dormant,"Advancing, Enlarging",Successive,,,,,,,,,,,,,,,6.038248472703492,6.120210588527130,6.223774424440022,2.000000000000000,3.000000000000000,1328.795410156250000,1604.797485351562500,2036.967407226562500,29.000000000000000,371.000000000000000
"82","10",21.188928000000001,92.155889999999999,4.200000000000000,"2020","20","45",20.000000000000000,12.199999999999999,8.000000000000000,4.200000000000000,Soil or Earth,Slide,Active,"Advancing, Enlarging",Successive,,,,,,,,,,,,,,,6.038248472703492,6.120210588527130,6.223774424440022,1.000000000000000,2.000000000000000,1328.795410156250000,1604.797485351562500,2036.967407226562500,23.000000000000000,371.000000000000000
"83","10",21.189413999999999,92.154804999999996,4.500000000000000,"2017","17","40",20.000000000000000,15.199999999999999,10.100000000000000,4.500000000000000,Soil or Earth,Slide,Dormant,Confined,Complex,,,,,,,,,,,,,,,6.515369705920962,6.597331821744598,6.700895646731704,1.000000000000000,5.000000000000000,1328.795410156250000,1604.797485351562500,2036.967407226562500,24.000000000000000,371.000000000000000
"84","10",21.189903000000001,92.154987000000006,14.900000000000000,"2020","13","44",20.000000000000000,35.000000000000000,30.000000000000000,14.900000000000000,Soil or Earth,Slide,Active,"Advancing, Enlarging, Widening",Successive,,,,,,,,,,,,,,,6.038248472703492,6.120210588527130,6.223774424440022,1.000000000000000,4.000000000000000,1328.795410156250000,1604.797485351562500,2036.967407226562500,27.000000000000000,371.000000000000000
"85","10",21.190152000000001,92.155039000000002,5.900000000000000,"2020","14","42",12.000000000000000,14.000000000000000,12.000000000000000,5.900000000000000,Soil or Earth,Slide,Active,"Advancing, Enlarging, Widening",Successive,,,,,,,,,,,,,,,6.038248472703492,6.120210588527130,6.223774424440022,1.000000000000000,0.000000000000000,1328.795410156250000,1604.797485351562500,2036.967407226562500,26.000000000000000,371.000000000000000
"86","10",21.187066000000002,92.152564999999996,8.000000000000000,"2020","50","60",25.000000000000000,10.400000000000000,17.000000000000000,8.000000000000000,Soil or Earth,Complex,Active,Advancing,Successive,,,,,,,,,,,,,,,6.515369705920962,6.722270547601800,6.825834383340004,1.000000000000000,3.000000000000000,1328.795410156250000,1604.797485351562500,2036.967407226562500,19.000000000000000,371.000000000000000
"87","10",21.186741000000001,92.153447000000000,18.000000000000000,"2020","38","60",80.000000000000000,29.199999999999999,27.000000000000000,18.000000000000000,Soil or Earth,Slide,Active,Advancing,Successive,,,,,,,,,,,,,,,6.339278468367474,6.120210588527130,6.223774424440022,1.000000000000000,2.000000000000000,1328.795410156250000,1604.797485351562500,2036.967407226562500,16.000000000000000,371.000000000000000
"88","10",21.187277000000002,92.155118000000002,8.000000000000000,"2020","35","60",25.000000000000000,13.900000000000000,15.000000000000000,8.000000000000000,Soil or Earth,Complex,Active,Advancing,Successive,,,,,,,,,,,,,,,6.515369705920962,6.597331821744598,6.700895646731704,2.000000000000000,4.000000000000000,1328.795410156250000,1604.797485351562500,2036.967407226562500,16.000000000000000,371.000000000000000
"89","11",21.183062000000000,92.158428999999998,4.600000000000000,"2020","14","40",22.600000000000001,10.699999999999999,9.600000000000000,4.600000000000000,Soil or Earth,Slide,Active,"Advancing, Enlarging, Widening",Successive,,,,,,,,,,,,,,,6.528913464934628,6.608968506309932,6.710441948755598,1.000000000000000,0.000000000000000,1370.887695312500000,1648.378417968750000,2082.238037109375000,12.000000000000000,371.000000000000000
"90","11",21.183536000000000,92.158118000000002,14.900000000000000,"2020","15","85",25.000000000000000,15.100000000000000,5.600000000000000,14.900000000000000,Debris,Fall,Active,Enlarging,Successive,,,,,,,,,,,,,,,6.502083391230894,6.585902718062922,6.691506556518260,1.000000000000000,0.000000000000000,1288.759277343750000,1563.115722656250000,1993.402343750000227,8.000000000000000,371.000000000000000
"91","11",21.183505000000000,92.156210999999999,7.200000000000000,"2020","18","50",18.000000000000000,15.199999999999999,12.100000000000000,7.200000000000000,Soil or Earth,Slide,Dormant,Confined,Successive,,,,,,,,,,,,,,,6.024962158013426,6.108781484845452,6.214385312844158,1.000000000000000,2.000000000000000,1288.759277343750000,1563.115722656250000,1993.402343750000227,17.000000000000000,371.000000000000000
"92","11",21.183886000000001,92.156025999999997,5.400000000000000,"2020","15","42",16.500000000000000,14.000000000000000,11.000000000000000,5.400000000000000,Soil or Earth,Complex,Active,"Advancing, Enlarging, Widening",Composite,,,,,,,,,,,,,,,6.024962158013426,6.108781484845452,6.214385312844158,2.000000000000000,6.000000000000000,1288.759277343750000,1563.115722656250000,1993.402343750000227,16.000000000000000,371.000000000000000
"93","11",21.183685000000001,92.155411000000001,6.100000000000000,"2020","12","60",9.000000000000000,18.500000000000000,8.000000000000000,6.100000000000000,Soil or Earth,Slide,Active,Advancing,Successive,,,,,,,,,,,,,,,6.627022117088096,6.710841443920124,6.816445271035438,2.000000000000000,0.000000000000000,1288.759277343750000,1563.115722656250000,1993.402343750000227,14.200138092041016,371.000000000000000
"94","11",21.183142000000000,92.155124000000001,3.800000000000000,"2020","15","40",16.000000000000000,10.000000000000000,8.000000000000000,3.800000000000000,Soil or Earth,Topple,Active,"Advancing, Enlarging, Widening",Successive,,,,,,,,,,,,,,,6.024962158013426,6.409811480509434,6.515415308508138,1.000000000000000,2.000000000000000,1288.759277343750000,1563.115722656250000,1993.402343750000227,18.000000000000000,371.000000000000000
"95","11",21.181875999999999,92.154261000000005,8.000000000000000,"2020","50","65",45.000000000000000,10.400000000000000,20.000000000000000,8.000000000000000,Soil or Earth,Complex,Active,Advancing,Successive,,,,,,,,,,,,,,,6.325992153677406,6.409811480509434,6.515415308508138,1.000000000000000,4.000000000000000,1288.759277343750000,1563.115722656250000,1993.402343750000227,16.000000000000000,161.000000000000000
"96","11",21.181407000000000,92.154358000000002,5.000000000000000,"2018","30","85",30.000000000000000,10.000000000000000,15.000000000000000,5.000000000000000,Soil or Earth,Slide,Active,Advancing,Successive,,,,,,,,,,,,,,,6.024962158013426,6.108781484845452,6.214385312844158,1.000000000000000,0.000000000000000,1288.759277343750000,1563.115722656250000,1993.402343750000227,17.000000000000000,161.000000000000000
"97","11",21.181629999999998,92.156904999999995,12.000000000000000,"2018","30","70",25.000000000000000,24.000000000000000,20.000000000000000,12.000000000000000,Soil or Earth,Slide,Suspended,Advancing,Successive,,,,,,,,,,,,,,,6.502083391230894,6.585902718062922,6.691506556518260,1.000000000000000,2.000000000000000,1288.759277343750000,1563.115722656250000,1993.402343750000227,17.000000000000000,371.000000000000000
"98","5",21.204208999999999,92.150840000000002,4.000000000000000,"2020","24","34",18.000000000000000,12.100000000000000,9.000000000000000,4.000000000000000,Soil or Earth,Slide,Active,"Advancing, Enlarging, Widening",Successive,,,,,,,,,,,,,,,6.337115721609570,6.419381066769810,6.523277689474792,1.000000000000000,0.000000000000000,1322.194580078125000,1597.940917968750000,2029.819091796875000,21.000000000000000,767.000000000000000
"99","5",21.205119000000000,92.150695999999996,5.100000000000000,"2020","20","34",10.000000000000000,15.500000000000000,13.500000000000000,5.100000000000000,Soil or Earth,Slide,Active,"Advancing, Enlarging",Successive,,,,,,,,,,,,,,,6.036085725945588,6.118351071105828,6.222247693810810,1.000000000000000,7.000000000000000,1322.194580078125000,1597.940917968750000,2029.819091796875000,20.000000000000000,767.000000000000000
"100","5",21.205689000000000,92.150532999999996,2.800000000000000,"2020","20","46",12.000000000000000,7.000000000000000,4.000000000000000,2.800000000000000,Soil or Earth,Slide,Active,"Advancing, Enlarging, Widening",Successive,,,,,,,,,,,,,,,6.036085725945588,6.118351071105828,6.222247693810810,1.000000000000000,0.000000000000000,1322.194580078125000,1597.940917968750000,2029.819091796875000,18.000000000000000,767.000000000000000
"101","5",21.205266999999999,92.151180999999994,7.600000000000000,"2020","18","32",15.000000000000000,18.000000000000000,16.000000000000000,7.600000000000000,Soil or Earth,Slide,Active,"Advancing, Enlarging",Successive,,,,,,,,,,,,,,,6.038248472703492,6.120210588527130,6.223774424440022,1.000000000000000,1.000000000000000,1328.795410156250000,1604.797485351562500,2036.967407226562500,18.000000000000000,767.000000000000000
"102","5",21.205371000000000,92.152755999999997,7.000000000000000,"2020","45","60",10.500000000000000,12.500000000000000,9.500000000000000,7.000000000000000,Soil or Earth,Slide,Active,"Advancing, Enlarging, Widening",Successive,,,,,,,,,,,,,,,6.515369705920962,6.421240584191110,6.524804420104004,1.000000000000000,1.000000000000000,1328.795410156250000,1604.797485351562500,2036.967407226562500,13.000000000000000,767.000000000000000
"103","5",21.205483999999998,92.153358999999995,3.500000000000000,"2020","18","48",10.000000000000000,8.000000000000000,6.000000000000000,3.500000000000000,Soil or Earth,Slide,Active,"Advancing, Enlarging",Successive,,,,,,,,,,,,,,,6.339278468367474,6.421240584191110,6.524804420104004,1.000000000000000,0.000000000000000,1328.795410156250000,1604.797485351562500,2036.967407226562500,12.250172615051270,767.000000000000000
"104","5",21.199010999999999,92.148385000000005,8.000000000000000,"2020","45","65",25.000000000000000,11.300000000000001,15.000000000000000,8.000000000000000,Soil or Earth,Slide,Active,Advancing,Successive,,,,,,,,,,,,,,,6.036085725945588,6.118351071105828,6.222247693810810,1.000000000000000,2.000000000000000,1322.194580078125000,1597.940917968750000,2029.819091796875000,22.000000000000000,459.000000000000000
"105","5",21.198138000000000,92.148304999999993,14.000000000000000,"2020","42","35",30.000000000000000,20.899999999999999,22.000000000000000,14.000000000000000,Soil or Earth,Complex,Active,Advancing,Successive,,,,,,,,,,,,,,,6.036085725945588,6.118351071105828,6.222247693810810,2.000000000000000,3.000000000000000,1322.194580078125000,1597.940917968750000,2029.819091796875000,25.000000000000000,459.000000000000000
"106",8W,21.194538000000001,92.151599000000004,4.500000000000000,"2020","26","85",10.000000000000000,8.000000000000000,6.000000000000000,4.500000000000000,Soil or Earth,Slide,Active,Advancing,Successive,,,,,,,,,,,,,,,6.038248472703492,6.421240584191110,6.524804420104004,1.000000000000000,2.000000000000000,1328.795410156250000,1604.797485351562500,2036.967407226562500,19.000000000000000,459.000000000000000
"107",8W,21.194354000000001,92.151664999999994,10.500000000000000,"2020","32","80",15.000000000000000,13.000000000000000,10.000000000000000,10.500000000000000,Soil or Earth,Slide,Active,"Advancing, Widening",Successive,,,,,,,,,,,,,,,6.515369705920962,6.597331821744598,6.700895646731704,1.000000000000000,2.000000000000000,1328.795410156250000,1604.797485351562500,2036.967407226562500,17.000000000000000,459.000000000000000
"108",8W,21.194675000000000,92.152501999999998,5.100000000000000,"2018","24","40",24.000000000000000,12.500000000000000,11.000000000000000,5.100000000000000,Soil or Earth,Slide,Active,"Advancing, Widening",Successive,,,,,,,,,,,,,,,7.117429697248924,7.199391813072560,8.093006132777385,1.000000000000000,0.000000000000000,1328.795410156250000,1604.797485351562500,2036.967407226562500,16.712636947631836,459.000000000000000
"109",8W,21.195246000000001,92.153204000000002,2.000000000000000,"2020","20","40",10.000000000000000,8.000000000000000,5.000000000000000,2.000000000000000,Soil or Earth,Slide,Active,Advancing,Successive,,,,,,,,,,,,,,,6.038248472703492,6.120210588527130,6.223774424440022,1.000000000000000,6.000000000000000,1328.795410156250000,1604.797485351562500,2036.967407226562500,20.000000000000000,459.000000000000000
"110",8W,21.196417000000000,92.152975999999995,3.500000000000000,"2020","20","40",8.000000000000000,8.500000000000000,5.000000000000000,3.500000000000000,Soil or Earth,Fall,Active,Widening,Successive,,,,,,,,,,,,,,,6.038248472703492,6.120210588527130,6.223774424440022,1.000000000000000,0.000000000000000,1328.795410156250000,1604.797485351562500,2036.967407226562500,18.000000000000000,459.000000000000000
"111",8W,21.194413999999998,92.151099000000002,3.100000000000000,"2020","25","70",15.000000000000000,5.600000000000000,4.000000000000000,3.100000000000000,Soil or Earth,Slide,Active,"Advancing, Widening",Successive,,,,,,,,,,,,,,,6.515369705920962,6.597331821744598,6.700895646731704,1.000000000000000,3.000000000000000,1328.795410156250000,1604.797485351562500,2036.967407226562500,19.000000000000000,459.000000000000000
"112",8W,21.195442000000000,92.150111999999993,9.000000000000000,"2020","46","52",28.000000000000000,12.500000000000000,17.000000000000000,9.000000000000000,Soil or Earth,Complex,Active,Advancing,Successive,,,,,,,,,,,,,,,6.339278468367474,6.898361817408580,7.001925642395684,2.000000000000000,2.000000000000000,1328.795410156250000,1604.797485351562500,2036.967407226562500,21.000000000000000,459.000000000000000
"113",8W,21.192208000000001,92.151077000000001,4.000000000000000,"2020","34","59",20.000000000000000,7.200000000000000,9.000000000000000,4.000000000000000,Soil or Earth,Spread/Creep,Active,"Advancing, Widening",Successive,,,,,,,,,,,,,,,7.214339736059612,7.296301851883250,7.399865702952492,1.000000000000000,4.000000000000000,1328.795410156250000,1604.797485351562500,2036.967407226562500,18.220867156982418,371.000000000000000
"114",8W,21.192208000000001,92.151077000000001,4.000000000000000,"2020","36","50",20.000000000000000,6.800000000000000,9.000000000000000,4.000000000000000,Soil or Earth,Slide,Active,Advancing,Successive,,,,,,,,,,,,,,,7.214339736059612,7.296301851883250,7.399865702952492,1.000000000000000,4.000000000000000,1328.795410156250000,1604.797485351562500,2036.967407226562500,18.220867156982418,371.000000000000000
"115",8W,21.192943000000000,92.150702999999993,12.000000000000000,"2020","50","60",25.000000000000000,15.699999999999999,20.000000000000000,12.000000000000000,Soil or Earth,Complex,Active,Advancing,Successive,,,,,,,,,,,,,,,6.038248472703492,6.120210588527130,6.223774424440022,1.000000000000000,4.000000000000000,1328.795410156250000,1604.797485351562500,2036.967407226562500,25.000000000000000,371.000000000000000
"116",8W,21.195442000000000,92.150111999999993,9.000000000000000,"2020","45","55",28.000000000000000,12.699999999999999,18.000000000000000,9.000000000000000,Soil or Earth,Complex,Active,Advancing,Successive,,,,,,,,,,,,,,,6.339278468367474,6.898361817408580,7.001925642395684,2.000000000000000,2.000000000000000,1328.795410156250000,1604.797485351562500,2036.967407226562500,21.000000000000000,459.000000000000000
"117",8W,21.192943000000000,92.150702999999993,12.000000000000000,"2020","47","62",25.000000000000000,16.399999999999999,20.000000000000000,12.000000000000000,Soil or Earth,Slide,Active,"Advancing, Widening",Successive,,,,,,,,,,,,,,,6.038248472703492,6.120210588527130,6.223774424440022,1.000000000000000,4.000000000000000,1328.795410156250000,1604.797485351562500,2036.967407226562500,25.000000000000000,371.000000000000000
"118",8e,21.193511999999998,92.162415999999993,13.000000000000000,"2020","26","52",20.000000000000000,27.000000000000000,25.000000000000000,13.000000000000000,Soil or Earth,Slide,Active,"Advancing, Enlarging, Widening",Successive,,,,,,,,,,,,,,,6.352822227381140,6.131847273092464,6.233320725758888,1.000000000000000,2.000000000000000,1370.887695312500000,1648.378417968750000,2082.238037109375000,23.000000000000000,371.000000000000000
"119",8e,21.192761000000001,92.162063000000003,4.200000000000000,"2020","39","58",125.000000000000000,11.000000000000000,6.000000000000000,4.200000000000000,Soil or Earth,Slide,Active,"Advancing, Widening",Successive,,,,,,,,,,,,,,,6.653852223045122,6.733907264420426,6.835380717086850,2.000000000000000,4.000000000000000,1370.887695312500000,1648.378417968750000,2082.238037109375000,19.000000000000000,371.000000000000000
"120",8e,21.193660999999999,92.161337000000003,7.800000000000000,"2020","25","40",120.000000000000000,20.000000000000000,15.000000000000000,7.800000000000000,Soil or Earth,Slide,Active,"Advancing, Enlarging, Widening",Successive,,,,,,,,,,,,,,,6.528913464934628,6.608968506309932,6.710441948755598,1.000000000000000,5.000000000000000,1370.887695312500000,1648.378417968750000,2082.238037109375000,22.000000000000000,371.000000000000000
"121",8e,21.194492000000000,92.161192000000000,3.700000000000000,"2020","26","40",16.000000000000000,12.000000000000000,8.000000000000000,3.700000000000000,Soil or Earth,Slide,Active,"Advancing, Enlarging, Widening",Successive,,,,,,,,,,,,,,,6.051792231717158,6.131847273092464,6.233320725758888,2.000000000000000,7.000000000000000,1370.887695312500000,1648.378417968750000,2082.238037109375000,24.000000000000000,459.000000000000000
"122",8E,21.195347999999999,92.160792999999998,6.000000000000000,"2020","35","60",50.000000000000000,10.500000000000000,18.000000000000000,6.000000000000000,Soil or Earth,Complex,Active,Advancing,Successive,,,,,,,,,,,,,,,6.750762223151862,6.830817264527166,6.932290723750316,1.000000000000000,2.000000000000000,1370.887695312500000,1648.378417968750000,2082.238037109375000,19.000000000000000,459.000000000000000
"123",8E,21.193158000000000,92.161816999999999,10.000000000000000,"2019","35","75",120.000000000000000,17.399999999999999,30.000000000000000,10.000000000000000,Soil or Earth,Complex,Suspended,Advancing,Successive,,,,,,,,,,,,,,,6.051792231717158,6.131847273092464,6.233320725758888,1.000000000000000,3.000000000000000,1370.887695312500000,1648.378417968750000,2082.238037109375000,22.000000000000000,371.000000000000000
"124","7",21.201355000000000,92.163638000000006,8.199999999999999,"2020","30","50",20.000000000000000,18.000000000000000,15.000000000000000,8.199999999999999,Soil or Earth,Slide,Active,"Advancing, Enlarging",Successive,,,,,,,,,,,,,,,6.352822227381140,6.432877268756444,6.534350721422870,2.000000000000000,4.000000000000000,1370.887695312500000,1648.378417968750000,2082.238037109375000,15.000000000000000,459.000000000000000
"125","7",21.201816999999998,92.164552999999998,4.500000000000000,"2020","18","42",15.000000000000000,14.000000000000000,9.000000000000000,4.500000000000000,Soil or Earth,Slide,Active,"Advancing, Enlarging, Widening",Successive,,,,,,,,,,,,,,,6.024962158013426,6.409811480509434,6.515415308508138,2.000000000000000,4.000000000000000,1288.759277343750000,1563.115722656250000,1993.402343750000227,18.000000000000000,459.000000000000000
"126","7",21.202044999999998,92.159216999999998,7.000000000000000,"2020","42","35",25.000000000000000,10.500000000000000,14.000000000000000,7.000000000000000,Soil or Earth,Complex,Active,Advancing,Successive,,,,,,,,,,,,,,,6.051792231717158,6.131847273092464,6.233320725758888,1.000000000000000,1.000000000000000,1370.887695312500000,1648.378417968750000,2082.238037109375000,15.000000000000000,459.000000000000000
"127","3",21.207241000000000,92.148942000000005,7.000000000000000,"2020","20","41",20.000000000000000,19.000000000000000,15.800000000000001,7.000000000000000,Soil or Earth,Slide,Active,"Advancing, Enlarging",Successive,,,,,,,,,,,,,,,6.036085725945588,6.118351071105828,6.222247693810810,1.000000000000000,3.000000000000000,1322.194580078125000,1597.940917968750000,2029.819091796875000,19.000000000000000,767.000000000000000
"128","6",21.204435000000000,92.158664000000002,7.500000000000000,"2020","35","45",10.000000000000000,15.500000000000000,13.000000000000000,7.500000000000000,Soil or Earth,Slide,Active,"Advancing, Enlarging, Widening",Successive,,,,,,,,,,,,,,,6.640308431778164,6.722270547601800,6.825834383340004,1.000000000000000,4.000000000000000,1328.795410156250000,1604.797485351562500,2036.967407226562500,17.000000000000000,459.000000000000000
"129","6",21.205708000000001,92.158642000000000,11.000000000000000,"2020","70","80",10.000000000000000,13.000000000000000,12.000000000000000,11.000000000000000,Soil or Earth,Fall,Active,"Enlarging, Widening",Successive,,,,,,,,,,,,,,,6.038248472703492,6.120210588527130,6.223774424440022,1.000000000000000,0.000000000000000,1328.795410156250000,1604.797485351562500,2036.967407226562500,20.000000000000000,767.000000000000000
"130","6",21.205794000000001,92.158518999999998,3.700000000000000,"2020","32","68",15.000000000000000,6.000000000000000,4.000000000000000,3.700000000000000,Soil or Earth,Slide,Active,"Advancing, Widening",Successive,,,,,,,,,,,,,,,6.038248472703492,6.421240584191110,6.700895646731704,2.000000000000000,0.000000000000000,1328.795410156250000,1604.797485351562500,2036.967407226562500,20.000000000000000,767.000000000000000
"131","6",21.205791000000001,92.157495999999995,8.500000000000000,"2020","22","58",25.000000000000000,14.000000000000000,10.000000000000000,8.500000000000000,Soil or Earth,Slide,Active,"Advancing, Widening",Successive,,,,,,,,,,,,,,,6.737218464138196,7.023300575519072,7.265167100754252,1.000000000000000,0.000000000000000,1328.795410156250000,1604.797485351562500,2036.967407226562500,13.000000000000000,767.000000000000000
"132","6",21.202148999999999,92.156555999999995,11.000000000000000,"2020","34","57",32.000000000000000,19.699999999999999,13.000000000000000,11.000000000000000,Soil or Earth,Complex,Active,"Advancing, Widening",Successive,,,,,,,,,,,,,,,6.038248472703492,6.120210588527130,6.223774424440022,2.000000000000000,6.000000000000000,1328.795410156250000,1604.797485351562500,2036.967407226562500,13.000000000000000,459.000000000000000
"133","6",21.205537000000000,92.158805999999998,9.000000000000000,"2019","18","44",22.000000000000000,29.100000000000001,16.000000000000000,9.000000000000000,Soil or Earth,Complex,Active,Advancing,Successive,,,,,,,,,,,,,,,6.038248472703492,6.120210588527130,6.223774424440022,1.000000000000000,0.000000000000000,1328.795410156250000,1604.797485351562500,2036.967407226562500,22.000000000000000,767.000000000000000
"134",2E,21.205842000000001,92.161959999999993,5.500000000000000,"2020","20","50",12.000000000000000,8.000000000000000,7.000000000000000,5.500000000000000,Soil or Earth,Slide,Dormant,Confined,Successive,,,,,,,,,,,,,,,6.339278468367474,7.296301817479740,7.502528006618758,1.000000000000000,0.000000000000000,1328.795410156250000,1604.797485351562500,2036.967407226562500,15.000000000000000,767.000000000000000
"135",2E,21.206855999999998,92.161131999999995,7.000000000000000,"2020","20","62",40.000000000000000,10.000000000000000,8.000000000000000,7.000000000000000,Soil or Earth,Slide,Active,"Enlarging, Widening",Successive,,,,,,,,,,,,,,,6.038248472703492,6.120210588527130,6.223774424440022,1.000000000000000,6.000000000000000,1328.795410156250000,1604.797485351562500,2036.967407226562500,15.000000000000000,767.000000000000000
"136",2E,21.207509000000002,92.162364999999994,4.600000000000000,"2020","15","50",13.000000000000000,7.000000000000000,6.000000000000000,4.600000000000000,Soil or Earth,Slide,Stabilized,#NULL!,Successive,,,,,,,,,,,,,,,7.117429697248924,7.199391813072560,7.302955638059666,1.000000000000000,7.000000000000000,1328.795410156250000,1604.797485351562500,2036.967407226562500,14.000000000000000,767.000000000000000
"137",2E,21.205632999999999,92.159085000000005,7.000000000000000,"2019","56","52",42.000000000000000,8.400000000000000,14.000000000000000,7.000000000000000,Soil or Earth,Complex,Active,"Advancing, Widening",Successive,,,,,,,,,,,,,,,6.038248472703492,6.120210588527130,6.223774424440022,1.000000000000000,7.000000000000000,1328.795410156250000,1604.797485351562500,2036.967407226562500,22.000000000000000,767.000000000000000
"138",RC,21.210141000000000,92.166011999999995,6.800000000000000,"2017","20","40",25.000000000000000,20.000000000000000,15.000000000000000,6.800000000000000,Soil or Earth,Slide,Stabilized,Advancing,Successive,,,,,,,,,,,,,,,6.941338459695436,7.023300575519072,7.126864411431966,1.000000000000000,2.000000000000000,1328.795410156250000,1604.797485351562500,2036.967407226562500,14.250172615051270,611.000000000000000
"139",2W,21.209284000000000,92.153655999999998,4.200000000000000,"2019","24","50",18.000000000000000,9.500000000000000,8.000000000000000,4.200000000000000,Soil or Earth,Slide,Dormant,"Advancing, Enlarging, Widening",Complex,,,,,,,,,,,,,,,6.038248472703492,7.199391813072560,7.302955638059666,2.000000000000000,6.000000000000000,1328.795410156250000,1604.797485351562500,2036.967407226562500,12.000000000000000,767.000000000000000
"140",2W,21.210113000000000,92.154306000000005,9.300000000000001,"2017","24","42",30.000000000000000,21.500000000000000,18.000000000000000,9.300000000000001,Soil or Earth,Complex,Active,"Advancing, Enlarging, Widening",Complex,,,,,,,,,,,,,,,6.992490946305828,7.074453062129464,7.178016901451366,2.000000000000000,6.000000000000000,1328.795410156250000,1604.797485351562500,2036.967407226562500,13.000000000000000,767.000000000000000
"141",2W,21.209492000000001,92.153830999999997,9.199999999999999,"2018","18","48",40.000000000000000,22.000000000000000,18.000000000000000,9.199999999999999,Soil or Earth,Complex,Active,"Advancing, Enlarging",Complex,,,,,,,,,,,,,,,6.038248472703492,6.120210588527130,6.223774424440022,1.000000000000000,5.000000000000000,1328.795410156250000,1604.797485351562500,2036.967407226562500,13.000000000000000,767.000000000000000
"142",2W,21.208065000000001,92.154184999999998,13.000000000000000,"2018","20","60",30.000000000000000,27.000000000000000,20.000000000000000,13.000000000000000,Soil or Earth,Slide,Active,"Advancing, Enlarging",Successive,,,,,,,,,,,,,,,6.339278468367474,6.421240584191110,6.524804420104004,2.000000000000000,6.000000000000000,1328.795410156250000,1604.797485351562500,2036.967407226562500,14.000000000000000,767.000000000000000
"143",2W,21.209593999999999,92.158242000000001,5.200000000000000,#NULL!,"22","62",60.000000000000000,10.000000000000000,8.000000000000000,5.200000000000000,Soil or Earth,Slide,Active,"Advancing, Enlarging, Widening",Successive,,,,,,,,,,,,,,,6.737218464138196,6.819180579961832,6.524804420104004,2.000000000000000,4.000000000000000,1328.795410156250000,1604.797485351562500,2036.967407226562500,19.000000000000000,767.000000000000000
"144",2W,21.207136999999999,92.159943999999996,8.000000000000000,"2019","40","75",27.000000000000000,12.400000000000000,18.000000000000000,8.000000000000000,Soil or Earth,Slide,Active,"Advancing, Widening",Successive,,,,,,,,,,,,,,,6.816399701584942,6.898361817408580,7.001925642395684,1.000000000000000,6.000000000000000,1328.795410156250000,1604.797485351562500,2036.967407226562500,13.095732688903809,767.000000000000000
"145",2W,21.206541000000001,92.158440999999996,8.000000000000000,"2019","40","60",25.000000000000000,12.400000000000000,12.000000000000000,8.000000000000000,Soil or Earth,Slide,Active,Advancing,Successive,,,,,,,,,,,,,,,6.339278468367474,6.421240584191110,6.524804420104004,1.000000000000000,5.000000000000000,1328.795410156250000,1604.797485351562500,2036.967407226562500,12.754075050354004,767.000000000000000
"146",2W,21.206970999999999,92.156930000000003,9.000000000000000,"2019","33","65",20.000000000000000,16.500000000000000,12.000000000000000,9.000000000000000,Soil or Earth,Complex,Suspended,Advancing,Successive,,,,,,,,,,,,,,,6.038248472703492,6.120210588527130,6.223774424440022,1.000000000000000,2.000000000000000,1328.795410156250000,1604.797485351562500,2036.967407226562500,15.000000000000000,767.000000000000000
"147",1W,21.212741999999999,92.156004999999993,5.000000000000000,#NULL!,"30","45",16.000000000000000,12.000000000000000,10.000000000000000,5.000000000000000,Soil or Earth,Slide,Stabilized,Confined,#NULL!,,,,,,,,,,,,,,,6.515369705920962,6.597331821744598,6.700895646731704,2.000000000000000,4.000000000000000,1328.795410156250000,1604.797485351562500,2036.967407226562500,20.000000000000000,767.000000000000000
"148",1W,21.211901000000001,92.155645000000007,5.500000000000000,"2020","20","45",20.000000000000000,13.000000000000000,11.000000000000000,5.500000000000000,Soil or Earth,Slide,Active,"Advancing, Enlarging",Successive,,,,,,,,,,,,,,,6.038248472703492,6.421240584191110,6.524804420104004,2.000000000000000,5.000000000000000,1328.795410156250000,1604.797485351562500,2036.967407226562500,17.333078384399414,767.000000000000000
"149",1W,21.211478000000000,92.155441999999994,6.600000000000000,"2020","25","47",30.000000000000000,15.000000000000000,13.000000000000000,6.600000000000000,Soil or Earth,Slide,Active,"Advancing, Enlarging, Widening",Complex,,,,,,,,,,,,,,,6.339278468367474,6.421240584191110,6.524804420104004,2.000000000000000,6.000000000000000,1328.795410156250000,1604.797485351562500,2036.967407226562500,21.000000000000000,767.000000000000000
"150",1W,21.211392000000000,92.155212000000006,5.000000000000000,"2019","20","35",20.000000000000000,15.000000000000000,12.000000000000000,5.000000000000000,Soil or Earth,Slide,Active,"Advancing, Enlarging, Widening",Successive,,,,,,,,,,,,,,,6.640308464031454,6.722270579855092,6.825834415767984,2.000000000000000,5.000000000000000,1328.795410156250000,1604.797485351562500,2036.967407226562500,17.212282180786133,767.000000000000000
"151",1W,21.211016000000001,92.152350999999996,2.100000000000000,"2020","17","30",80.000000000000000,9.000000000000000,6.000000000000000,2.100000000000000,Soil or Earth,Fall,Active,"Advancing, Widening",Complex,,,,,,,,,,,,,,,6.339278468367474,6.421240584191110,6.524804420104004,1.000000000000000,5.000000000000000,1328.795410156250000,1604.797485351562500,2036.967407226562500,15.000000000000000,767.000000000000000
